scope,group_type,group,model,convention,diagnostic_only,number_of_appearances,number_of_unique_focal_players,number_of_unique_matches,brier,log_loss,accuracy,mean_predicted_probability,empirical_win_rate,prediction_bias
appearance_level,cumulative,first_1,Validation_best_Elo,elo_reference,False,76,76,74,0.21052176486868873,0.6032904936938518,0.6447368421052632,0.5385363224511316,0.40789473684210525,0.13064158560902633
appearance_level,cumulative,first_1,Glicko_low_current,current,False,76,76,74,0.32231552380393214,0.8955743860411198,0.5131578947368421,0.7434483364113538,0.40789473684210525,0.3355535995692485
appearance_level,cumulative,first_1,Glicko_low_reversed,reversed,False,76,76,74,0.36037466450061634,1.0536358352368145,0.5131578947368421,0.7869939795121185,0.40789473684210525,0.3790992426700132
appearance_level,cumulative,first_1,Glicko_low_midpoint,midpoint,False,76,76,74,0.3404367523541816,0.9626762401603016,0.5131578947368421,0.7652211579617361,0.40789473684210525,0.3573264211196308
appearance_level,cumulative,first_1,Glicko_low_direct_focal,direct_focal,True,76,76,74,0.3598584161448394,1.0521807135380543,0.5131578947368421,0.7880934036688146,0.40789473684210525,0.3801986668267094
appearance_level,cumulative,first_5,Validation_best_Elo,elo_reference,False,406,108,387,0.23380795352427225,0.6655330156878843,0.6108374384236454,0.5329992649330123,0.4433497536945813,0.08964951123843101
appearance_level,cumulative,first_5,Glicko_low_current,current,False,406,108,387,0.25380894143720256,0.7280283243401723,0.6231527093596059,0.5863701517444896,0.4433497536945813,0.1430203980499083
appearance_level,cumulative,first_5,Glicko_low_reversed,reversed,False,406,108,387,0.265977946050651,0.784742715252337,0.6231527093596059,0.5996746732126917,0.4433497536945813,0.15632491951811045
appearance_level,cumulative,first_5,Glicko_low_midpoint,midpoint,False,406,108,387,0.2595337511417374,0.752058585456134,0.6231527093596059,0.5930224124785907,0.4433497536945813,0.14967265878400937
appearance_level,cumulative,first_5,Glicko_low_direct_focal,direct_focal,True,406,108,387,0.26604392913033775,0.7835561154953635,0.6231527093596059,0.6001826648453289,0.4433497536945813,0.1568329111507476
appearance_level,cumulative,first_10,Validation_best_Elo,elo_reference,False,855,166,785,0.22107566026958406,0.6314538120560313,0.631578947368421,0.4957156475934655,0.4304093567251462,0.0653062908683193
appearance_level,cumulative,first_10,Glicko_low_current,current,False,855,166,785,0.2314886029339883,0.6689450861455634,0.6573099415204678,0.5098015063960607,0.4304093567251462,0.07939214967091451
appearance_level,cumulative,first_10,Glicko_low_reversed,reversed,False,855,166,785,0.23826931170229387,0.7012942279391498,0.6573099415204678,0.5153600855850066,0.4304093567251462,0.08495072885986038
appearance_level,cumulative,first_10,Glicko_low_midpoint,midpoint,False,855,166,785,0.23467338112169148,0.6826394086574191,0.6573099415204678,0.5125807959905336,0.4304093567251462,0.08217143926538745
appearance_level,cumulative,first_10,Glicko_low_direct_focal,direct_focal,True,855,166,785,0.23785667440367383,0.6975639648483173,0.6573099415204678,0.51589420439446,0.4304093567251462,0.0854848476693138
appearance_level,cumulative,first_20,Validation_best_Elo,elo_reference,False,1695,255,1463,0.2126556705433081,0.6090924793565669,0.6501474926253688,0.4756744316666206,0.431858407079646,0.04381602458697459
appearance_level,cumulative,first_20,Glicko_low_current,current,False,1695,255,1463,0.216537661185536,0.6265296253018734,0.6707964601769911,0.4769582712792187,0.431858407079646,0.04509986419957268
appearance_level,cumulative,first_20,Glicko_low_reversed,reversed,False,1695,255,1463,0.22055406664392477,0.6452405011070864,0.6707964601769911,0.4783425556034621,0.431858407079646,0.046484148523816105
appearance_level,cumulative,first_20,Glicko_low_midpoint,midpoint,False,1695,255,1463,0.21842159744589762,0.6344293104879519,0.6707964601769911,0.4776504134413404,0.431858407079646,0.04579200636169439
appearance_level,cumulative,first_20,Glicko_low_direct_focal,direct_focal,True,1695,255,1463,0.21990126769784873,0.6412123670265388,0.6707964601769911,0.4793907105328986,0.431858407079646,0.0475323034532526
appearance_level,cumulative,first_30,Validation_best_Elo,elo_reference,False,2399,302,1987,0.20794138858339475,0.5969809899915454,0.6594414339308045,0.4625234640337461,0.4314297624010004,0.03109370163274572
appearance_level,cumulative,first_30,Glicko_low_current,current,False,2399,302,1987,0.2104408786129603,0.6098531134874987,0.6761150479366402,0.4626369653982318,0.4314297624010004,0.031207202997231398
appearance_level,cumulative,first_30,Glicko_low_reversed,reversed,False,2399,302,1987,0.21361975547983117,0.6244718942162646,0.6761150479366402,0.4630002561489213,0.4314297624010004,0.031570493747920925
appearance_level,cumulative,first_30,Glicko_low_midpoint,midpoint,False,2399,302,1987,0.2119321685234658,0.616027785238843,0.6761150479366402,0.4628186107735765,0.4314297624010004,0.031388848372576106
appearance_level,cumulative,first_30,Glicko_low_direct_focal,direct_focal,True,2399,302,1987,0.21280856660261893,0.6201471288490025,0.6761150479366402,0.46403211138501443,0.4314297624010004,0.03260234898401404
appearance_level,cumulative,first_50,Validation_best_Elo,elo_reference,False,3502,381,2749,0.20843697736900138,0.598685965424186,0.6610508280982296,0.4534690911126157,0.4357509994288978,0.017718091683717907
appearance_level,cumulative,first_50,Glicko_low_current,current,False,3502,381,2749,0.2091003782868401,0.6055567258889816,0.67390062821245,0.4561932288433784,0.4357509994288978,0.020442229414480595
appearance_level,cumulative,first_50,Glicko_low_reversed,reversed,False,3502,381,2749,0.21154800058235954,0.6166880252320587,0.67390062821245,0.45594156445662626,0.4357509994288978,0.02019056502772848
appearance_level,cumulative,first_50,Glicko_low_midpoint,midpoint,False,3502,381,2749,0.21024730679521014,0.6102774319996391,0.67390062821245,0.45606739665000234,0.4357509994288978,0.020316397221104565
appearance_level,cumulative,first_50,Glicko_low_direct_focal,direct_focal,True,3502,381,2749,0.21072946031822956,0.612665505114848,0.67390062821245,0.4569004234756197,0.4357509994288978,0.021149424046721932
appearance_level,stage,1,Validation_best_Elo,elo_reference,False,76,76,74,0.21052176486868873,0.6032904936938518,0.6447368421052632,0.5385363224511316,0.40789473684210525,0.13064158560902633
appearance_level,stage,1,Glicko_low_current,current,False,76,76,74,0.32231552380393214,0.8955743860411198,0.5131578947368421,0.7434483364113538,0.40789473684210525,0.3355535995692485
appearance_level,stage,1,Glicko_low_reversed,reversed,False,76,76,74,0.36037466450061634,1.0536358352368145,0.5131578947368421,0.7869939795121185,0.40789473684210525,0.3790992426700132
appearance_level,stage,1,Glicko_low_midpoint,midpoint,False,76,76,74,0.3404367523541816,0.9626762401603016,0.5131578947368421,0.7652211579617361,0.40789473684210525,0.3573264211196308
appearance_level,stage,1,Glicko_low_direct_focal,direct_focal,True,76,76,74,0.3598584161448394,1.0521807135380543,0.5131578947368421,0.7880934036688146,0.40789473684210525,0.3801986668267094
appearance_level,stage,2-5,Validation_best_Elo,elo_reference,False,330,106,316,0.23917083333586117,0.6798676571168129,0.603030303030303,0.5317240638076273,0.45151515151515154,0.08020891229247573
appearance_level,stage,2-5,Glicko_low_current,current,False,330,106,316,0.23803166792244063,0.6894419586151056,0.6484848484848484,0.5501945698212117,0.45151515151515154,0.0986794183060602
appearance_level,stage,2-5,Glicko_low_reversed,reversed,False,330,106,316,0.24423809574096203,0.7228158148922754,0.6484848484848484,0.5565344693376724,0.45151515151515154,0.10501931782252083
appearance_level,stage,2-5,Glicko_low_midpoint,midpoint,False,330,106,316,0.24090154480190168,0.703552701342447,0.6484848484848484,0.553364519579442,0.45151515151515154,0.10184936806429046
appearance_level,stage,2-5,Glicko_low_direct_focal,direct_focal,True,330,106,316,0.24443816848457378,0.7216910565521981,0.6484848484848484,0.5569062522677989,0.45151515151515154,0.10539110075264735
appearance_level,stage,6-10,Validation_best_Elo,elo_reference,False,449,121,433,0.20956271803928692,0.6006383183488326,0.6503340757238307,0.46200262166951,0.41870824053452116,0.043294381134988846
appearance_level,stage,6-10,Glicko_low_current,current,False,449,121,433,0.21130584696003507,0.6155201536132444,0.688195991091314,0.440565715724653,0.41870824053452116,0.021857475190131814
appearance_level,stage,6-10,Glicko_low_reversed,reversed,False,449,121,433,0.21321428821580607,0.6258374665824595,0.688195991091314,0.43912016893280126,0.41870824053452116,0.0204119283982801
appearance_level,stage,6-10,Glicko_low_midpoint,midpoint,False,449,121,433,0.21219384831960095,0.6198683935565767,0.688195991091314,0.43984294232872706,0.41870824053452116,0.0211347017942059
appearance_level,stage,6-10,Glicko_low_direct_focal,direct_focal,True,449,121,433,0.21236886723435186,0.6198071426596742,0.688195991091314,0.43967791276182583,0.41870824053452116,0.02096967222730467
appearance_level,stage,11-20,Validation_best_Elo,elo_reference,False,840,171,794,0.20408532385763442,0.5863318371446119,0.669047619047619,0.45527533688393906,0.43333333333333335,0.021942003550605715
appearance_level,stage,11-20,Glicko_low_current,current,False,840,171,794,0.20131973833443279,0.5833567455145464,0.6845238095238095,0.4435285498210044,0.43333333333333335,0.010195216487671077
appearance_level,stage,11-20,Glicko_low_reversed,reversed,False,840,171,794,0.2025224779237991,0.5881858148673076,0.6845238095238095,0.4406639983008187,0.43333333333333335,0.007330664967485356
appearance_level,stage,11-20,Glicko_low_midpoint,midpoint,False,840,171,794,0.20187960334732175,0.5853583177083156,0.6845238095238095,0.44209627406091156,0.43333333333333335,0.008762940727578217
appearance_level,stage,11-20,Glicko_low_direct_focal,direct_focal,True,840,171,794,0.20162522872941965,0.5838544906722287,0.6845238095238095,0.4422353685666664,0.43333333333333335,0.00890203523333305
appearance_level,stage,21-50,Validation_best_Elo,elo_reference,False,1807,199,1633,0.20447976379376626,0.5889244595495952,0.6712783619258439,0.43264006386356296,0.4394023242944106,-0.006762260430847655
appearance_level,stage,21-50,Glicko_low_current,current,False,1807,199,1633,0.2021240669900557,0.5858837516195562,0.6768123962368566,0.43671522832940535,0.4394023242944106,-0.0026870959650052706
appearance_level,stage,21-50,Glicko_low_reversed,reversed,False,1807,199,1633,0.20310014116102412,0.5899052656259867,0.6768123962368566,0.4349290132701919,0.4394023242944106,-0.004473311024218718
appearance_level,stage,21-50,Glicko_low_midpoint,midpoint,False,1807,199,1633,0.20257966835972857,0.5876225155426994,0.6768123962368566,0.4358221207997986,0.4394023242944106,-0.003580203494612022
appearance_level,stage,21-50,Glicko_low_direct_focal,direct_focal,True,1807,199,1633,0.20212613242201785,0.5858880115120167,0.6768123962368566,0.4358041110450233,0.4394023242944106,-0.0035982132493873054
appearance_level,stage,51+,Validation_best_Elo,elo_reference,False,19256,786,10626,0.18673280264546546,0.5488683187557939,0.7123493975903614,0.5084623620130667,0.5116846697133361,-0.0032223077002694334
appearance_level,stage,51+,Glicko_low_current,current,False,19256,786,10626,0.18369439780945349,0.5419983669277898,0.718321562110511,0.507966935635152,0.5116846697133361,-0.0037177340781840984
appearance_level,stage,51+,Glicko_low_reversed,reversed,False,19256,786,10626,0.18383343759585818,0.5424909515440329,0.718321562110511,0.5080127046776534,0.5116846697133361,-0.0036719650356827893
appearance_level,stage,51+,Glicko_low_midpoint,midpoint,False,19256,786,10626,0.18375393582211147,0.542182432793989,0.718321562110511,0.5079898201564028,0.5116846697133361,-0.003694849556933333
appearance_level,stage,51+,Glicko_low_direct_focal,direct_focal,True,19256,786,10626,0.18369021295429314,0.5419640173736732,0.718321562110511,0.5077035123113421,0.5116846697133361,-0.003981157401994007
